time,val
0.0,0.0
0.010416666666666666,0.0
0.020833333333333332,0.0
0.03125,0.0
0.041666666666666664,0.0
0.052083333333333336,0.0
0.0625,0.0
0.07291666666666667,0.0
0.08333333333333333,0.0
0.09375,0.0
0.10416666666666667,0.0
0.11458333333333333,0.0
0.125,0.0
0.13541666666666666,0.0
0.14583333333333334,0.0
0.15625,0.0
0.16666666666666666,0.0
0.17708333333333334,0.0
0.1875,0.0
0.19791666666666666,0.0
0.20833333333333334,0.0
0.21875,0.0
0.22916666666666666,0.0
0.23958333333333334,0.0
0.25,0.0
0.2604166666666667,0.0
0.2708333333333333,0.0
0.28125,0.0
0.2916666666666667,0.0
0.3020833333333333,0.0
0.3125,0.0
0.3229166666666667,0.012317831534343892
0.3333333333333333,0.030535332171838236
0.34375,0.0546153191240178
0.3541666666666667,0.08017642048339585
0.3645833333333333,0.11159794244698884
0.375,0.1502287939518966
0.3854166666666667,0.19977279387135058
0.3958333333333333,0.252353388182132
0.40625,0.3109121485939348
0.4166666666666667,0.36079905645145705
0.4270833333333333,0.38790944066355315
0.4375,0.41218980153135093
0.4479166666666667,0.4313162147757732
0.4583333333333333,0.45442944922785666
0.46875,0.4886830602462184
0.4791666666666667,0.5324224137441552
0.4895833333333333,0.5865522909076547
0.5,0.6282879052494096
0.5104166666666666,0.6599283925228533
0.5208333333333334,0.6909347066819178
0.53125,0.7167891389280772
0.5416666666666666,0.7764468573100747
0.5520833333333334,0.8078415250375539
0.5625,0.8373212791590735
0.5729166666666666,0.8592343358279181
0.5833333333333334,0.863111674380654
0.59375,0.8290852915140243
0.6041666666666666,0.7728277325661252
0.6145833333333334,0.7032091582963856
0.625,0.6473007044179658
0.6354166666666666,0.5967858205774752
0.6458333333333334,0.5197720028240945
0.65625,0.4672802340635356
0.6666666666666666,0.3972815690672624
0.6770833333333334,0.34060260518342417
0.6875,0.29890623934060484
0.6979166666666666,0.26028365067757825
0.7083333333333334,0.21765978083359838
0.71875,0.17990892198903446
0.7291666666666666,0.1384542442712392
0.7395833333333334,0.10183539476439463
0.75,0.07383882076054375
0.7604166666666666,0.04900071806576747
0.7708333333333334,0.02899637787147161
0.78125,0.01357378350028068
0.7916666666666666,0.003057251496030347
0.8020833333333334,1.342711805689004E-4
0.8125,0.0
0.8229166666666666,0.0
0.8333333333333334,0.0
0.84375,0.0
0.8541666666666666,0.0
0.8645833333333334,0.0
0.875,0.0
0.8854166666666666,0.0
0.8958333333333334,0.0
0.90625,0.0
0.9166666666666666,0.0
0.9270833333333334,0.0
0.9375,0.0
0.9479166666666666,0.0
0.9583333333333334,0.0
0.96875,0.0
0.9791666666666666,0.0
0.9895833333333334,0.0
1.0,0.0
1.0104166666666667,0.0
1.0208333333333333,0.0
1.03125,0.0
1.0416666666666667,0.0
1.0520833333333333,0.0
1.0625,0.0
1.0729166666666667,0.0
1.0833333333333333,0.0
1.09375,0.0
1.1041666666666667,0.0
1.1145833333333333,0.0
1.125,0.0
1.1354166666666667,0.0
1.1458333333333333,0.0
1.15625,0.0
1.1666666666666667,0.0
1.1770833333333333,0.0
1.1875,0.0
1.1979166666666667,0.0
1.2083333333333333,0.0
1.21875,0.0
1.2291666666666667,0.0
1.2395833333333333,0.0
1.25,0.0
1.2604166666666667,0.0
1.2708333333333333,0.0
1.28125,0.0
1.2916666666666667,0.0
1.3020833333333333,0.0
1.3125,0.0
1.3229166666666667,0.007990168099084717
1.3333333333333333,0.03706710867889767
1.34375,0.06702610762952478
1.3541666666666667,0.10685300549673091
1.3645833333333333,0.14618619856153756
1.375,0.1802828155841571
1.3854166666666667,0.2144682581569991
1.3958333333333333,0.25583617603504216
1.40625,0.30600608622699427
1.4166666666666667,0.35162936767383635
1.4270833333333333,0.39657096466548236
1.4375,0.4325886924254723
1.4479166666666667,0.4608930572893965
1.4583333333333333,0.47618551190095915
1.46875,0.49232077638440047
1.4791666666666667,0.5105630655475383
1.4895833333333333,0.5227631515850756
1.5,0.5495698763580389
1.5104166666666667,0.5802560053942084
1.5208333333333333,0.607682443308259
1.53125,0.6089693809312502
1.5416666666666667,0.6088722925391465
1.5520833333333333,0.6315579249238799
1.5625,0.6408556877506586
1.5729166666666667,0.6314794279260088
1.5833333333333333,0.6075357778648683
1.59375,0.5858313579535231
1.6041666666666667,0.5743811248167014
1.6145833333333333,0.5677708513117711
1.625,0.5597827489231565
1.6354166666666667,0.5210238233690907
1.6458333333333333,0.48684870934860014
1.65625,0.4467243491736722
1.6666666666666667,0.41596385456057217
1.6770833333333333,0.3861349953695734
1.6875,0.3601814090208401
1.6979166666666667,0.31413878834852904
1.7083333333333333,0.26996356994136084
1.71875,0.22858738922143657
1.7291666666666667,0.203455955639879
1.7395833333333333,0.19052873951679933
1.75,0.15986533329580307
1.7604166666666667,0.12358732601655648
1.7708333333333333,0.08026318032314807
1.78125,0.0399033291546069
1.7916666666666667,0.013011910252361593
1.8020833333333333,0.001958293525835655
1.8125,0.0
1.8229166666666667,0.0
1.8333333333333333,0.0
1.84375,0.0
1.8541666666666667,0.0
1.8645833333333333,0.0
1.875,0.0
1.8854166666666667,0.0
1.8958333333333333,0.0
1.90625,0.0
1.9166666666666667,0.0
1.9270833333333333,0.0
1.9375,0.0
1.9479166666666667,0.0
1.9583333333333333,0.0
1.96875,0.0
1.9791666666666667,0.0
1.9895833333333333,0.0
2.0,0.0
2.0104166666666665,0.0
2.0208333333333335,0.0
2.03125,0.0
2.0416666666666665,0.0
2.0520833333333335,0.0
2.0625,0.0
2.0729166666666665,0.0
2.0833333333333335,0.0
2.09375,0.0
2.1041666666666665,0.0
2.1145833333333335,0.0
2.125,0.0
2.1354166666666665,0.0
2.1458333333333335,0.0
2.15625,0.0
2.1666666666666665,0.0
2.1770833333333335,0.0
2.1875,0.0
2.1979166666666665,0.0
2.2083333333333335,0.0
2.21875,0.0
2.2291666666666665,0.0
2.2395833333333335,0.0
2.25,0.0
2.2604166666666665,0.0
2.2708333333333335,0.0
2.28125,0.0
2.2916666666666665,0.0
2.3020833333333335,0.0
2.3125,0.0
2.3229166666666665,0.0014563258815549964
2.3333333333333335,0.012825996310035424
2.34375,0.030686129036169463
2.3541666666666665,0.05558207162411388
2.3645833333333335,0.08296099819734783
2.375,0.11499810188108744
2.3854166666666665,0.15373430461998006
2.3958333333333335,0.18835767781252374
2.40625,0.20671771247246815
2.4166666666666665,0.22528225246897135
2.4270833333333335,0.2342618958833253
2.4375,0.22960371877281965
2.4479166666666665,0.21887235287965903
2.4583333333333335,0.21671988256961608
2.46875,0.23148144959031391
2.4791666666666665,0.2415703795272141
2.4895833333333335,0.2404032531114998
2.5,0.24320229079874378
2.5104166666666665,0.25509252026573753
2.5208333333333335,0.26635477374976285
2.53125,0.2765242663950043
2.5416666666666665,0.2704779318484632
2.5520833333333335,0.25785644087498655
2.5625,0.23985583983687278
2.5729166666666665,0.2372695703280687
2.5833333333333335,0.21453642660251873
2.59375,0.20651733855684995
2.6041666666666665,0.20387736057581832
2.6145833333333335,0.20116095130738595
2.625,0.20582325983883226
2.6354166666666665,0.207128788856056
2.6458333333333335,0.19855195898340872
2.65625,0.18541817181329998
2.6666666666666665,0.17574031825998768
2.6770833333333335,0.17159650305658442
2.6875,0.1676695874525616
2.6979166666666665,0.16625457578041244
2.7083333333333335,0.16244540567319626
2.71875,0.1644677362236109
2.7291666666666665,0.16141668185899144
2.7395833333333335,0.14477325259985868
2.75,0.12334150647059189
2.7604166666666665,0.09557422632894329
2.7708333333333335,0.0656110959573756
2.78125,0.034947689736379337
2.7916666666666665,0.00977907336635653
2.8020833333333335,6.341731143792679E-4
2.8125,2.065710470290775E-6
2.8229166666666665,0.0
2.8333333333333335,0.0
2.84375,0.0
2.8541666666666665,0.0
2.8645833333333335,0.0
2.875,0.0
2.8854166666666665,0.0
2.8958333333333335,0.0
2.90625,0.0
2.9166666666666665,0.0
2.9270833333333335,0.0
2.9375,0.0
2.9479166666666665,0.0
2.9583333333333335,0.0
2.96875,0.0
2.9791666666666665,0.0
2.9895833333333335,0.0
3.0,0.0
3.0104166666666665,0.0
3.0208333333333335,0.0
3.03125,0.0
3.0416666666666665,0.0
3.0520833333333335,0.0
3.0625,0.0
3.0729166666666665,0.0
3.0833333333333335,0.0
3.09375,0.0
3.1041666666666665,0.0
3.1145833333333335,0.0
3.125,0.0
3.1354166666666665,0.0
3.1458333333333335,0.0
3.15625,0.0
3.1666666666666665,0.0
3.1770833333333335,0.0
3.1875,0.0
3.1979166666666665,0.0
3.2083333333333335,0.0
3.21875,0.0
3.2291666666666665,0.0
3.2395833333333335,0.0
3.25,0.0
3.2604166666666665,0.0
3.2708333333333335,0.0
3.28125,0.0
3.2916666666666665,0.0
3.3020833333333335,0.0
3.3125,0.0
3.3229166666666665,0.002503641089992419
3.3333333333333335,0.02514382784437931
3.34375,0.054873532932804135
3.3541666666666665,0.09336804754667274
3.3645833333333335,0.1366178276631507
3.375,0.18117107108638214
3.3854166666666665,0.22951902464353768
3.3958333333333335,0.28164309694038486
3.40625,0.3285863673777427
3.4166666666666665,0.3777812622277175
3.4270833333333335,0.4368750416513257
3.4375,0.49506610559941683
3.4479166666666665,0.5445646598885244
3.4583333333333335,0.5947696871584713
3.46875,0.6407709936213766
3.4791666666666665,0.6924550695880518
3.4895833333333335,0.7348207256232454
3.5,0.7721481138213996
3.5104166666666665,0.8039538579324667
3.5208333333333335,0.8215495797184035
3.53125,0.8381248405320169
3.5416666666666665,0.8420765446616829
3.5520833333333335,0.8282156274060318
3.5625,0.8213099573038498
3.5729166666666665,0.801788993359602
3.5833333333333335,0.7876161538229369
3.59375,0.7775313553069774
3.6041666666666665,0.7474876622270684
3.6145833333333335,0.7114327516786132
3.625,0.6815894325143224
3.6354166666666665,0.6553735009358621
3.6458333333333335,0.6315248735563551
3.65625,0.5920016351282817
3.6666666666666665,0.5461593883715888
3.6770833333333335,0.49400639612815767
3.6875,0.44368982049281497
3.6979166666666665,0.39182189629428393
3.7083333333333335,0.34411431298291845
3.71875,0.29387830005591714
3.7291666666666665,0.2485772694424404
3.7395833333333335,0.21195635422512554
3.75,0.17190016249571713
3.7604166666666665,0.12706391673805587
3.7708333333333335,0.08778856356641736
3.78125,0.049201091981385676
3.7916666666666665,0.01850256868239447
3.8020833333333335,0.0024747211434083486
3.8125,7.229986646017712E-5
3.8229166666666665,0.0
3.8333333333333335,0.0
3.84375,0.0
3.8541666666666665,0.0
3.8645833333333335,0.0
3.875,0.0
3.8854166666666665,0.0
3.8958333333333335,0.0
3.90625,0.0
3.9166666666666665,0.0
3.9270833333333335,0.0
3.9375,0.0
3.9479166666666665,0.0
3.9583333333333335,0.0
3.96875,0.0
3.9791666666666665,0.0
3.9895833333333335,0.0
4.0,0.0
4.010416666666667,0.0
4.020833333333333,0.0
4.03125,0.0
4.041666666666667,0.0
4.052083333333333,0.0
4.0625,0.0
4.072916666666667,0.0
4.083333333333333,0.0
4.09375,0.0
4.104166666666667,0.0
4.114583333333333,0.0
4.125,0.0
4.135416666666667,0.0
4.145833333333333,0.0
4.15625,0.0
4.166666666666667,0.0
4.177083333333333,0.0
4.1875,0.0
4.197916666666667,0.0
4.208333333333333,0.0
4.21875,0.0
4.229166666666667,0.0
4.239583333333333,0.0
4.25,0.0
4.260416666666667,0.0
4.270833333333333,0.0
4.28125,0.0
4.291666666666667,0.0
4.302083333333333,0.0
4.3125,0.0
4.322916666666667,0.0015506726732248477
4.333333333333333,0.02956084704728633
4.34375,0.07531897071292128
4.354166666666667,0.12945563012677108
4.364583333333333,0.1866037408190576
4.375,0.24698190881881243
4.385416666666667,0.30727222579755453
4.395833333333333,0.3693951559355624
4.40625,0.43325467602382206
4.416666666666667,0.49644611974298475
4.427083333333333,0.5596641230731514
4.4375,0.6212150000510763
4.447916666666667,0.6796175416015446
4.458333333333333,0.7308040411469667
4.46875,0.7763619462065727
4.479166666666667,0.8207798310400132
4.489583333333333,0.8618307744169655
4.5,0.8978987261601955
4.510416666666667,0.9305016701909228
4.520833333333333,0.9571021421347801
4.53125,0.9774529333047308
4.541666666666667,0.9914416761157594
4.552083333333333,0.9985800823347942
4.5625,1.0
4.572916666666667,0.9937196735210896
4.583333333333333,0.9813204212762917
4.59375,0.9658647707190505
4.604166666666667,0.943156303310758
4.614583333333333,0.912723075194345
4.625,0.8768635142451452
4.635416666666667,0.8363335478532685
4.645833333333333,0.7931435342670059
4.65625,0.7447600952059904
4.666666666666667,0.692474436374409
4.677083333333333,0.6272726344069547
4.6875,0.5657319726640312
4.697916666666667,0.5033679629799884
4.708333333333333,0.4384440154045745
4.71875,0.3766786184916185
4.729166666666667,0.3137037377544871
4.739583333333333,0.2539425699488217
4.75,0.19583831326039658
4.760416666666667,0.1368494172208432
4.770833333333333,0.08375062568314386
4.78125,0.036143544482240816
4.791666666666667,0.0071159327020318104
4.802083333333333,4.351690110630996E-4
4.8125,1.6344376002369937E-5
4.822916666666667,0.0
4.833333333333333,0.0
4.84375,0.0
4.854166666666667,0.0
4.864583333333333,0.0
4.875,0.0
4.885416666666667,0.0
4.895833333333333,0.0
4.90625,0.0
4.916666666666667,0.0
4.927083333333333,0.0
4.9375,0.0
4.947916666666667,0.0
4.958333333333333,0.0
4.96875,0.0
4.979166666666667,0.0
4.989583333333333,0.0
5.0,0.0
5.010416666666667,0.0
5.020833333333333,0.0
5.03125,0.0
5.041666666666667,0.0
5.052083333333333,0.0
5.0625,0.0
5.072916666666667,0.0
5.083333333333333,0.0
5.09375,0.0
5.104166666666667,0.0
5.114583333333333,0.0
5.125,0.0
5.135416666666667,0.0
5.145833333333333,0.0
5.15625,0.0
5.166666666666667,0.0
5.177083333333333,0.0
5.1875,0.0
5.197916666666667,0.0
5.208333333333333,0.0
5.21875,0.0
5.229166666666667,0.0
5.239583333333333,0.0
5.25,0.0
5.260416666666667,0.0
5.270833333333333,0.0
5.28125,0.0
5.291666666666667,0.0
5.302083333333333,0.0
5.3125,0.0
5.322916666666667,0.0011522785081670805
5.333333333333333,0.02224265269222519
5.34375,0.05326632139172363
5.354166666666667,0.09743699753812839
5.364583333333333,0.14384889624385813
5.375,0.1851756509658505
5.385416666666667,0.23506072957208385
5.395833333333333,0.2806186346316898
5.40625,0.33587284075470164
5.416666666666667,0.3845790812417641
5.427083333333333,0.4343906101559868
5.4375,0.4882657595537986
5.447916666666667,0.5231936910708632
5.458333333333333,0.566316284106116
5.46875,0.6114288049196573
5.479166666666667,0.6374408793274291
5.489583333333333,0.6532295465457184
5.5,0.6689691806360006
5.510416666666667,0.6830927645490487
5.520833333333333,0.6910095716751965
5.53125,0.7111213263461127
5.541666666666667,0.7166375532469126
5.552083333333333,0.7308367298989715
5.5625,0.7213998958046032
5.572916666666667,0.7072231926695476
5.583333333333333,0.7053558477112768
5.59375,0.6991756305353806
5.604166666666667,0.6989447662243472
5.614583333333333,0.6983093786072551
5.625,0.6816258568028359
5.635416666666667,0.6595650352936371
5.645833333333333,0.6225858845882751
5.65625,0.5720715475059505
5.666666666666667,0.5284320635796227
5.677083333333333,0.49721226236809585
5.6875,0.46500566945542593
5.697916666666667,0.4125933417098261
5.708333333333333,0.35202108424504314
5.71875,0.295937401039911
5.729166666666667,0.23729786603740827
5.739583333333333,0.1855454424729041
5.75,0.14471514817198375
5.760416666666667,0.10012564739051824
5.770833333333333,0.05903384307355992
5.78125,0.023766765754446185
5.791666666666667,0.0030563983124431786
5.802083333333333,8.580797401244218E-5
5.8125,6.129141000888726E-6
5.822916666666667,0.0
5.833333333333333,0.0
5.84375,0.0
5.854166666666667,0.0
5.864583333333333,0.0
5.875,0.0
5.885416666666667,0.0
5.895833333333333,0.0
5.90625,0.0
5.916666666666667,0.0
5.927083333333333,0.0
5.9375,0.0
5.947916666666667,0.0
5.958333333333333,0.0
5.96875,0.0
5.979166666666667,0.0
5.989583333333333,0.0
6.0,0.0
6.010416666666667,0.0
6.020833333333333,0.0
6.03125,0.0
6.041666666666667,0.0
6.052083333333333,0.0
6.0625,0.0
6.072916666666667,0.0
6.083333333333333,0.0
6.09375,0.0
6.104166666666667,0.0
6.114583333333333,0.0
6.125,0.0
6.135416666666667,0.0
6.145833333333333,0.0
6.15625,0.0
6.166666666666667,0.0
6.177083333333333,0.0
6.1875,0.0
6.197916666666667,0.0
6.208333333333333,0.0
6.21875,0.0
6.229166666666667,0.0
6.239583333333333,0.0
6.25,0.0
6.260416666666667,0.0
6.270833333333333,0.0
6.28125,0.0
6.291666666666667,0.0
6.302083333333333,0.0
6.3125,0.0
6.322916666666667,1.0828149101570085E-4
6.333333333333333,0.003481352088504797
6.34375,0.010989549814593486
6.354166666666667,0.019310880246800083
6.364583333333333,0.026267455282808785
6.375,0.03398812989692829
6.385416666666667,0.04026028418783775
6.395833333333333,0.04470186836648178
6.40625,0.05092907562338473
6.416666666666667,0.062120887091007534
6.427083333333333,0.07593392786001044
6.4375,0.09309960875649946
6.447916666666667,0.11947738857732423
6.458333333333333,0.1474569172463813
6.46875,0.17056377881973178
6.479166666666667,0.19864954593280423
6.489583333333333,0.22871706863616403
6.5,0.2653019112704688
6.510416666666667,0.31466601289162666
6.520833333333333,0.3744905151543012
6.53125,0.4243592493845322
6.541666666666667,0.4584740481954789
6.552083333333333,0.48122133349677715
6.5625,0.5187500638452188
6.572916666666667,0.5452136516400561
6.583333333333333,0.5773283074377127
6.59375,0.5907286527126557
6.604166666666667,0.608723810691265
6.614583333333333,0.6199360526288908
6.625,0.6057450481648331
6.635416666666667,0.5871941814021433
6.645833333333333,0.5758041943754918
6.65625,0.5621137364265065
6.666666666666667,0.5345407741105085
6.677083333333333,0.502509883239864
6.6875,0.47463250692082176
6.697916666666667,0.44036856567885346
6.708333333333333,0.3929290143319748
6.71875,0.3356726221486726
6.729166666666667,0.2793968925255126
6.739583333333333,0.22339084510639173
6.75,0.16839814899941777
6.760416666666667,0.1143881584995863
6.770833333333333,0.06830519036090427
6.78125,0.029720204713309432
6.791666666666667,0.0064621576619370135
6.802083333333333,2.69682204039104E-4
6.8125,3.88178930056286E-5
6.822916666666667,0.0
6.833333333333333,0.0
6.84375,0.0
6.854166666666667,0.0
6.864583333333333,0.0
6.875,0.0
6.885416666666667,0.0
6.895833333333333,0.0
6.90625,0.0
6.916666666666667,0.0
6.927083333333333,0.0
6.9375,0.0
6.947916666666667,0.0
6.958333333333333,0.0
6.96875,0.0
6.979166666666667,0.0
6.989583333333333,0.0
7.0,0.0
7.010416666666667,0.0
7.020833333333333,0.0
7.03125,0.0
7.041666666666667,0.0
7.052083333333333,0.0
7.0625,0.0
7.072916666666667,0.0
7.083333333333333,0.0
7.09375,0.0
7.104166666666667,0.0
7.114583333333333,0.0
7.125,0.0
7.135416666666667,0.0
7.145833333333333,0.0
7.15625,0.0
7.166666666666667,0.0
7.177083333333333,0.0
7.1875,0.0
7.197916666666667,0.0
7.208333333333333,0.0
7.21875,0.0
7.229166666666667,0.0
7.239583333333333,0.0
7.25,0.0
7.260416666666667,0.0
7.270833333333333,0.0
7.28125,0.0
7.291666666666667,0.0
7.302083333333333,0.0
7.3125,0.0
7.322916666666667,4.903312800710981E-5
7.333333333333333,0.01951314189982941
7.34375,0.05139897643345287
7.354166666666667,0.0956309439898665
7.364583333333333,0.14665808586926546
7.375,0.19897439040585133
7.385416666666667,0.24977679711521766
7.395833333333333,0.30552133451830066
7.40625,0.3581093643059259
7.416666666666667,0.40870542326826237
7.427083333333333,0.44892893261009476
7.4375,0.4748041228688467
7.447916666666667,0.4997292962724608
7.458333333333333,0.5011001808096597
7.46875,0.4997456406484632
7.479166666666667,0.4946707118997273
7.489583333333333,0.4768696433861462
7.5,0.46653795470564813
7.510416666666667,0.45868856813050995
7.520833333333333,0.4528331954276609
7.53125,0.4436272256443261
7.541666666666667,0.42773436302902157
7.552083333333333,0.4084010092652182
7.5625,0.38703890983012074
7.572916666666667,0.36664521467316363
7.583333333333333,0.3479145597744477
7.59375,0.324930281021115
7.604166666666667,0.30289397607591967
7.614583333333333,0.3095338788268825
7.625,0.30661027856945855
7.635416666666667,0.31812284841612787
7.645833333333333,0.3269753710684115
7.65625,0.31660895058890837
7.666666666666667,0.3154382846577386
7.677083333333333,0.3077380405136221
7.6875,0.30328215500597594
7.697916666666667,0.2865087391335438
7.708333333333333,0.2516870460604947
7.71875,0.2174864392755356
7.729166666666667,0.17655194957760006
7.739583333333333,0.1417384286925521
7.75,0.1067778084234828
7.760416666666667,0.06304843042914203
7.770833333333333,0.028057164455068295
7.78125,0.006202690692899391
7.791666666666667,7.395830141072397E-4
7.802083333333333,4.086094000592484E-6
7.8125,0.0
7.822916666666667,0.0
7.833333333333333,0.0
7.84375,0.0
7.854166666666667,0.0
7.864583333333333,0.0
7.875,0.0
7.885416666666667,0.0
7.895833333333333,0.0
7.90625,0.0
7.916666666666667,0.0
7.927083333333333,0.0
7.9375,0.0
7.947916666666667,0.0
7.958333333333333,0.0
7.96875,0.0
7.979166666666667,0.0
7.989583333333333,0.0
8.0,0.0
8.010416666666666,0.0
8.020833333333334,0.0
8.03125,0.0
8.041666666666666,0.0
8.052083333333334,0.0
8.0625,0.0
8.072916666666666,0.0
8.083333333333334,0.0
8.09375,0.0
8.104166666666666,0.0
8.114583333333334,0.0
8.125,0.0
8.135416666666666,0.0
8.145833333333334,0.0
8.15625,0.0
8.166666666666666,0.0
8.177083333333334,0.0
8.1875,0.0
8.197916666666666,0.0
8.208333333333334,0.0
8.21875,0.0
8.229166666666666,0.0
8.239583333333334,0.0
8.25,0.0
8.260416666666666,0.0
8.270833333333334,0.0
8.28125,0.0
8.291666666666666,0.0
8.302083333333334,0.0
8.3125,0.0
8.322916666666666,0.0
8.333333333333334,0.004891054518709205
8.34375,0.01767644264656309
8.354166666666666,0.034680722830028717
8.364583333333334,0.053125351148703176
8.375,0.0689426210249967
8.385416666666666,0.08184241978486716
8.395833333333334,0.09470135760473171
8.40625,0.10662662294546087
8.416666666666666,0.12004944173740718
8.427083333333334,0.12925132542674148
8.4375,0.13054661722492927
8.447916666666666,0.1381569673010328
8.458333333333334,0.14431266791292538
8.46875,0.16237320339554415
8.479166666666666,0.18414391223070092
8.489583333333334,0.21134503999264506
8.5,0.25397321565382613
8.510416666666666,0.342461667330657
8.520833333333334,0.4448775704085074
8.53125,0.5178470370710879
8.541666666666666,0.5621913722125179
8.552083333333334,0.6222160930812215
8.5625,0.6820773701899014
8.572916666666666,0.7113072436231397
8.583333333333334,0.6981990540692391
8.59375,0.6899349289530406
8.604166666666666,0.6525880297876254
8.614583333333334,0.5978282410386851
8.625,0.5537392867722923
8.635416666666666,0.5197225542173599
8.645833333333334,0.5037847445680489
8.65625,0.4910647339442045
8.666666666666666,0.47209504254645385
8.677083333333334,0.4321902485366677
8.6875,0.3912945767317378
8.697916666666666,0.3426802733596887
8.708333333333334,0.2977802294341782
8.71875,0.25468623905692955
8.729166666666666,0.21483252122215077
8.739583333333334,0.1655460553870042
8.75,0.1117955318562104
8.760416666666666,0.06401070556628156
8.770833333333334,0.029037827015210488
8.78125,0.009659526217400634
8.791666666666666,0.0011645367901688582
8.802083333333334,0.0
8.8125,0.0
8.822916666666666,0.0
8.833333333333334,0.0
8.84375,0.0
8.854166666666666,0.0
8.864583333333334,0.0
8.875,0.0
8.885416666666666,0.0
8.895833333333334,0.0
8.90625,0.0
8.916666666666666,0.0
8.927083333333334,0.0
8.9375,0.0
8.947916666666666,0.0
8.958333333333334,0.0
8.96875,0.0
8.979166666666666,0.0
8.989583333333334,0.0
9.0,0.0
9.010416666666666,0.0
9.020833333333334,0.0
9.03125,0.0
9.041666666666666,0.0
9.052083333333334,0.0
9.0625,0.0
9.072916666666666,0.0
9.083333333333334,0.0
9.09375,0.0
9.104166666666666,0.0
9.114583333333334,0.0
9.125,0.0
9.135416666666666,0.0
9.145833333333334,0.0
9.15625,0.0
9.166666666666666,0.0
9.177083333333334,0.0
9.1875,0.0
9.197916666666666,0.0
9.208333333333334,0.0
9.21875,0.0
9.229166666666666,0.0
9.239583333333334,0.0
9.25,0.0
9.260416666666666,0.0
9.270833333333334,0.0
9.28125,0.0
9.291666666666666,0.0
9.302083333333334,0.0
9.3125,0.0
9.322916666666666,0.0
9.333333333333334,0.01998508575689784
9.34375,0.04477133196449185
9.354166666666666,0.07953173362753212
9.364583333333334,0.11286608848436562
9.375,0.15399262460032895
9.385416666666666,0.20190207675727584
9.395833333333334,0.25486194109895505
9.40625,0.2991204682663725
9.416666666666666,0.340385931578356
9.427083333333334,0.37377340565719724
9.4375,0.40463158754967166
9.447916666666666,0.4463240476847171
9.458333333333334,0.48341556597509544
9.46875,0.5130765223253962
9.479166666666666,0.5470789535513266
9.489583333333334,0.5743679323342834
9.5,0.5850980151798393
9.510416666666666,0.5820416168673962
9.520833333333334,0.5756182770984647
9.53125,0.5719959547669395
9.541666666666666,0.5672213539272472
9.552083333333334,0.5884281817903222
9.5625,0.6136720705259826
9.572916666666666,0.658868356266536
9.583333333333334,0.6995617664184366
9.59375,0.7295945573227914
9.604166666666666,0.7355806850336593
9.614583333333334,0.7363795164107751
9.625,0.7301257495428685
9.635416666666666,0.7091170972388222
9.645833333333334,0.6582799587304508
9.65625,0.6073141082610607
9.666666666666666,0.5455078504080988
9.677083333333334,0.48486817239230606
9.6875,0.4226941660792907
9.697916666666666,0.3692092386585354
9.708333333333334,0.31872350423421497
9.71875,0.26827454465589984
9.729166666666666,0.2239567691254738
9.739583333333334,0.18019878847312884
9.75,0.13047306753291862
9.760416666666666,0.08907072007191527
9.770833333333334,0.05487011328695618
9.78125,0.024892484651609415
9.791666666666666,0.0045825544216644715
9.802083333333334,6.129141000888727E-5
9.8125,0.0
9.822916666666666,0.0
9.833333333333334,0.0
9.84375,0.0
9.854166666666666,0.0
9.864583333333334,0.0
9.875,0.0
9.885416666666666,0.0
9.895833333333334,0.0
9.90625,0.0
9.916666666666666,0.0
9.927083333333334,0.0
9.9375,0.0
9.947916666666666,0.0
9.958333333333334,0.0
9.96875,0.0
9.979166666666666,0.0
9.989583333333334,0.0
10.0,0.0
10.010416666666666,0.0
10.020833333333334,0.0
10.03125,0.0
10.041666666666666,0.0
10.052083333333334,0.0
10.0625,0.0
10.072916666666666,0.0
10.083333333333334,0.0
10.09375,0.0
10.104166666666666,0.0
10.114583333333334,0.0
10.125,0.0
10.135416666666666,0.0
10.145833333333334,0.0
10.15625,0.0
10.166666666666666,0.0
10.177083333333334,0.0
10.1875,0.0
10.197916666666666,0.0
10.208333333333334,0.0
10.21875,0.0
10.229166666666666,0.0
10.239583333333334,0.0
10.25,0.0
10.260416666666666,0.0
10.270833333333334,0.0
10.28125,0.0
10.291666666666666,0.0
10.302083333333334,0.0
10.3125,0.0
10.322916666666666,0.0
10.333333333333334,0.0013014209391887064
10.34375,0.009843400447427295
10.354166666666666,0.02546045171769177
10.364583333333334,0.044571113358462824
10.375,0.0710081415422962
10.385416666666666,0.1068942621024997
10.395833333333334,0.1683899768114166
10.40625,0.25022218136128227
10.416666666666666,0.3328327868182608
10.427083333333334,0.41275269937584924
10.4375,0.4887050146588623
10.447916666666666,0.5621586834605132
10.458333333333334,0.631530344355572
10.46875,0.6927032576384421
10.479166666666666,0.7438284657738553
10.489583333333334,0.7842807963797209
10.5,0.8213253245890924
10.510416666666666,0.8554666830110429
10.520833333333334,0.8835320196541122
10.53125,0.904577446804164
10.541666666666666,0.9180084377841113
10.552083333333334,0.9230874526268478
10.5625,0.9229996016058352
10.572916666666666,0.9178613384000901
10.583333333333334,0.9033761351679896
10.59375,0.8797278661395608
10.604166666666666,0.8499606713452446
10.614583333333334,0.8084663867692278
10.625,0.7652334691959591
10.635416666666666,0.7159081854678068
10.645833333333334,0.6695494059840849
10.65625,0.6159398526963114
10.666666666666666,0.5604568253092663
10.677083333333334,0.5116382172371876
10.6875,0.45668638207021967
10.697916666666666,0.39990193374398586
10.708333333333334,0.3438672836668608
10.71875,0.2862554013055071
10.729166666666666,0.22632261755181682
10.739583333333334,0.16829395360240265
10.75,0.11323792303841951
10.760416666666666,0.06972306497910985
10.770833333333334,0.03596784244021535
10.78125,0.01289571266586988
10.791666666666666,0.0019408946502814301
10.802083333333334,5.5162269007998546E-5
10.8125,0.0
10.822916666666666,0.0
10.833333333333334,0.0
10.84375,0.0
10.854166666666666,0.0
10.864583333333334,0.0
10.875,0.0
10.885416666666666,0.0
10.895833333333334,0.0
10.90625,0.0
10.916666666666666,0.0
10.927083333333334,0.0
10.9375,0.0
10.947916666666666,0.0
10.958333333333334,0.0
10.96875,0.0
10.979166666666666,0.0
10.989583333333334,0.0
11.0,0.0
11.010416666666666,0.0
11.020833333333334,0.0
11.03125,0.0
11.041666666666666,0.0
11.052083333333334,0.0
11.0625,0.0
11.072916666666666,0.0
11.083333333333334,0.0
11.09375,0.0
11.104166666666666,0.0
11.114583333333334,0.0
11.125,0.0
11.135416666666666,0.0
11.145833333333334,0.0
11.15625,0.0
11.166666666666666,0.0
11.177083333333334,0.0
11.1875,0.0
11.197916666666666,0.0
11.208333333333334,0.0
11.21875,0.0
11.229166666666666,0.0
11.239583333333334,0.0
11.25,0.0
11.260416666666666,0.0
11.270833333333334,0.0
11.28125,0.0
11.291666666666666,0.0
11.302083333333334,0.0
11.3125,0.0
11.322916666666666,0.0
11.333333333333334,0.005379342751780005
11.34375,0.026590256708855595
11.354166666666666,0.0538261162698048
11.364583333333334,0.08707262010562555
11.375,0.12801119589756166
11.385416666666666,0.17379792222120075
11.395833333333334,0.22408343803949213
11.40625,0.2896570745610003
11.416666666666666,0.35331228994923036
11.427083333333334,0.4102765264114902
11.4375,0.4530987915376995
11.447916666666666,0.48382008928115405
11.458333333333334,0.5199697629043957
11.46875,0.5735588857221662
11.479166666666666,0.6116698844656921
11.489583333333334,0.6579305976934001
11.5,0.6953776061618299
11.510416666666666,0.7333844095083408
11.520833333333334,0.7737182433881893
11.53125,0.8021983185723189
11.541666666666666,0.8266556342128651
11.552083333333334,0.8401867344958274
11.5625,0.8414779402000145
11.572916666666666,0.8303086022493948
11.583333333333334,0.8153800578182302
11.59375,0.796778114880533
11.604166666666666,0.7741513693522521
11.614583333333334,0.7492997456406486
11.625,0.7101958260549786
11.635416666666666,0.6771188951201824
11.645833333333334,0.6446221895334703
11.65625,0.5988375062568315
11.666666666666666,0.5423738163096443
11.677083333333334,0.48829027611780224
11.6875,0.42693757469890603
11.697916666666666,0.36663295639116183
11.708333333333334,0.310571746703033
11.71875,0.25939137629861186
11.729166666666666,0.20743056194007747
11.739583333333334,0.15629105247566222
11.75,0.10718233172954146
11.760416666666666,0.067365388740768
11.770833333333334,0.03449480555300175
11.78125,0.009614579183394116
11.791666666666666,9.418446671365678E-4
11.802083333333334,4.290398700622109E-5
11.8125,0.0
11.822916666666666,0.0
11.833333333333334,0.0
11.84375,0.0
11.854166666666666,0.0
11.864583333333334,0.0
11.875,0.0
11.885416666666666,0.0
11.895833333333334,0.0
11.90625,0.0
11.916666666666666,0.0
11.927083333333334,0.0
11.9375,0.0
11.947916666666666,0.0
11.958333333333334,0.0
11.96875,0.0
11.979166666666666,0.0
11.989583333333334,0.0
12.0,0.0
12.010416666666666,0.0
12.020833333333334,0.0
12.03125,0.0
12.041666666666666,0.0
12.052083333333334,0.0
12.0625,0.0
12.072916666666666,0.0
12.083333333333334,0.0
12.09375,0.0
12.104166666666666,0.0
12.114583333333334,0.0
12.125,0.0
12.135416666666666,0.0
12.145833333333334,0.0
12.15625,0.0
12.166666666666666,0.0
12.177083333333334,0.0
12.1875,0.0
12.197916666666666,0.0
12.208333333333334,0.0
12.21875,0.0
12.229166666666666,0.0
12.239583333333334,0.0
12.25,0.0
12.260416666666666,0.0
12.270833333333334,0.0
12.28125,0.0
12.291666666666666,0.0
12.302083333333334,0.0
12.3125,0.0
12.322916666666666,0.0
12.333333333333334,9.234572441339014E-4
12.34375,0.009655440123400041
12.354166666666666,0.025721961733729693
12.364583333333334,0.04885333987108374
12.375,0.082751575699999
12.385416666666666,0.12016793846342437
12.395833333333334,0.14709938402132944
12.40625,0.17241886549600074
12.416666666666666,0.19867814859080837
12.427083333333334,0.22865373417915483
12.4375,0.26321800333016665
12.447916666666666,0.2820038204978906
12.458333333333334,0.31759982838405204
12.46875,0.3553022177275189
12.479166666666666,0.3975503866466449
12.489583333333334,0.4333404839978345
12.5,0.4509454199993872
12.510416666666666,0.4470758889808262
12.520833333333334,0.41794408180360204
12.53125,0.3983042709897542
12.541666666666666,0.39386881595211104
12.552083333333334,0.39423452136516407
12.5625,0.4035201699815105
12.572916666666666,0.41049308939352164
12.583333333333334,0.402351547097341
12.59375,0.37180186530191134
12.604166666666666,0.3442881513489219
12.614583333333334,0.3351312146935941
12.625,0.34729347348635764
12.635416666666666,0.35014761014577145
12.645833333333334,0.3307693093479616
12.65625,0.29789055397219416
12.666666666666666,0.2870460604946218
12.677083333333334,0.27268344008253914
12.6875,0.2511129498534114
12.697916666666666,0.22843921424412375
12.708333333333334,0.2111529935746172
12.71875,0.1864954593280419
12.729166666666666,0.15685901954174458
12.739583333333334,0.13132093203804157
12.75,0.0928074530354571
12.760416666666666,0.05537065980202875
12.770833333333334,0.02782017100303393
12.78125,0.008004658147160677
12.791666666666666,4.453842460645808E-4
12.802083333333334,4.699008100681357E-5
12.8125,0.0
12.822916666666666,0.0
12.833333333333334,0.0
12.84375,0.0
12.854166666666666,0.0
12.864583333333334,0.0
12.875,0.0
12.885416666666666,0.0
12.895833333333334,0.0
12.90625,0.0
12.916666666666666,0.0
12.927083333333334,0.0
12.9375,0.0
12.947916666666666,0.0
12.958333333333334,0.0
12.96875,0.0
12.979166666666666,0.0
12.989583333333334,0.0
13.0,0.0
13.010416666666666,0.0
13.020833333333334,0.0
13.03125,0.0
13.041666666666666,0.0
13.052083333333334,0.0
13.0625,0.0
13.072916666666666,0.0
13.083333333333334,0.0
13.09375,0.0
13.104166666666666,0.0
13.114583333333334,0.0
13.125,0.0
13.135416666666666,0.0
13.145833333333334,0.0
13.15625,0.0
13.166666666666666,0.0
13.177083333333334,0.0
13.1875,0.0
13.197916666666666,0.0
13.208333333333334,0.0
13.21875,0.0
13.229166666666666,0.0
13.239583333333334,0.0
13.25,0.0
13.260416666666666,0.0
13.270833333333334,0.0
13.28125,0.0
13.291666666666666,0.0
13.302083333333334,0.0
13.3125,0.0
13.322916666666666,0.0
13.333333333333334,0.0
13.34375,0.0
13.354166666666666,0.0
13.364583333333334,0.0
13.375,0.0
13.385416666666666,0.0
13.395833333333334,0.0
13.40625,0.0
13.416666666666666,0.0
13.427083333333334,0.0
13.4375,0.0
13.447916666666666,0.0
13.458333333333334,0.0
13.46875,0.0
13.479166666666666,0.0
13.489583333333334,0.0
13.5,0.0
13.510416666666666,0.0
13.520833333333334,0.0
13.53125,0.0
13.541666666666666,0.0
13.552083333333334,0.0
13.5625,0.0
13.572916666666666,0.0
13.583333333333334,0.0
13.59375,0.0
13.604166666666666,0.0
13.614583333333334,0.0
13.625,0.0
13.635416666666666,0.0
13.645833333333334,0.0
13.65625,0.0
13.666666666666666,0.0
13.677083333333334,0.0
13.6875,0.0
13.697916666666666,0.0
13.708333333333334,0.0
13.71875,0.0
13.729166666666666,0.0
13.739583333333334,0.0
13.75,0.0
13.760416666666666,0.0
13.770833333333334,0.0
13.78125,0.0
13.791666666666666,0.0
13.802083333333334,0.0
13.8125,0.0
13.822916666666666,0.0
13.833333333333334,0.0
13.84375,0.0
13.854166666666666,0.0
13.864583333333334,0.0
13.875,0.0
13.885416666666666,0.0
13.895833333333334,0.0
13.90625,0.0
13.916666666666666,0.0
13.927083333333334,0.0
13.9375,0.0
13.947916666666666,0.0
13.958333333333334,0.0
13.96875,0.0
13.979166666666666,0.0
13.989583333333334,0.0
